[
    {
        "name": "butter_beer",
        "id": "459380508988801025",
        "price": "5"
    },

    {
        "name": "cauldron",
        "id": "459380509668016130",
        "price": "8"
    },

    {
        "name": "key",
        "id": "459380498540658688",
        "price": "500"
    },

    {
        "name": "choco_frog",
        "id": "460705309380444170",
        "price": "5"
    },

    {
        "name": "dragon_egg",
        "id": "459380508984344577",
        "price": "500"
    },

    {
        "name": "elder_wand",
        "id": "459380507692761088",
        "price": "10000"
    },

    {
        "name": "glasses",
        "id": "459380508888006656",
        "price": "800"
    },

    {
        "name": "wand",
        "id": "459380507503886351",
        "price": "50"
    },

    {
        "name": "owl",
        "id": "459380510951735297",
        "price": "40"
    },

    {
        "name": "nimbus_2000",
        "id": "459380500746731540",
        "price": "200"
    },

    {
        "name": "potion_bottle",
        "id": "459380508099608578",
        "price": "2"
    },

    {
        "name": "big_potion_bottle",
        "id": "459380508615245834",
        "price": "20"
    },

    {
        "name": "quill",
        "id": "459380499174129666",
        "price": "10"
    },

    {
        "name": "hogwarts_robe",
        "id": "459380509135339530",
        "price": "20"
    }
]